-- MySQL dump 10.13  Distrib 5.7.26, for Win64 (x86_64)
--
-- Host: localhost    Database: gsb_frais
-- ------------------------------------------------------
-- Server version	5.7.26

/*!40101 SET @OLD_CHARACTER_SET_CLIENT=@@CHARACTER_SET_CLIENT */;
/*!40101 SET @OLD_CHARACTER_SET_RESULTS=@@CHARACTER_SET_RESULTS */;
/*!40101 SET @OLD_COLLATION_CONNECTION=@@COLLATION_CONNECTION */;
/*!40101 SET NAMES utf8 */;
/*!40103 SET @OLD_TIME_ZONE=@@TIME_ZONE */;
/*!40103 SET TIME_ZONE='+00:00' */;
/*!40014 SET @OLD_UNIQUE_CHECKS=@@UNIQUE_CHECKS, UNIQUE_CHECKS=0 */;
/*!40014 SET @OLD_FOREIGN_KEY_CHECKS=@@FOREIGN_KEY_CHECKS, FOREIGN_KEY_CHECKS=0 */;
/*!40101 SET @OLD_SQL_MODE=@@SQL_MODE, SQL_MODE='NO_AUTO_VALUE_ON_ZERO' */;
/*!40111 SET @OLD_SQL_NOTES=@@SQL_NOTES, SQL_NOTES=0 */;

--
-- Table structure for table `comptable`
--

DROP TABLE IF EXISTS `comptable`;
/*!40101 SET @saved_cs_client     = @@character_set_client */;
/*!40101 SET character_set_client = utf8 */;
CREATE TABLE `comptable` (
  `id` char(4) NOT NULL,
  `nom` char(30) DEFAULT NULL,
  `prenom` char(30) DEFAULT NULL,
  `login` char(20) DEFAULT NULL,
  `mdp` char(20) DEFAULT NULL,
  `adresse` char(30) DEFAULT NULL,
  `cp` char(5) DEFAULT NULL,
  `ville` char(30) DEFAULT NULL,
  `dateembauche` date DEFAULT NULL,
  PRIMARY KEY (`id`)
) ENGINE=InnoDB DEFAULT CHARSET=latin1;
/*!40101 SET character_set_client = @saved_cs_client */;

--
-- Dumping data for table `comptable`
--

LOCK TABLES `comptable` WRITE;
/*!40000 ALTER TABLE `comptable` DISABLE KEYS */;
INSERT INTO `comptable` VALUES ('ahj7','Vedrenne','Alexis','Alved','fl4vie','45 rue de la liberté','83390','Cuers','2007-05-08'),('cop7','Delage','Gabriel','Gdlage','sam8s','1 bis rue Jean Bonnet','83200','Lalbenque','1998-11-23');
/*!40000 ALTER TABLE `comptable` ENABLE KEYS */;
UNLOCK TABLES;

--
-- Table structure for table `etat`
--

DROP TABLE IF EXISTS `etat`;
/*!40101 SET @saved_cs_client     = @@character_set_client */;
/*!40101 SET character_set_client = utf8 */;
CREATE TABLE `etat` (
  `id` char(2) NOT NULL,
  `libelle` varchar(30) DEFAULT NULL,
  PRIMARY KEY (`id`)
) ENGINE=InnoDB DEFAULT CHARSET=latin1;
/*!40101 SET character_set_client = @saved_cs_client */;

--
-- Dumping data for table `etat`
--

LOCK TABLES `etat` WRITE;
/*!40000 ALTER TABLE `etat` DISABLE KEYS */;
INSERT INTO `etat` VALUES ('CL','Saisie clôturée'),('CR','Fiche créée, saisie en cours'),('RB','Remboursée'),('VA','Validée et mise en paiement');
/*!40000 ALTER TABLE `etat` ENABLE KEYS */;
UNLOCK TABLES;

--
-- Table structure for table `fichefrais`
--

DROP TABLE IF EXISTS `fichefrais`;
/*!40101 SET @saved_cs_client     = @@character_set_client */;
/*!40101 SET character_set_client = utf8 */;
CREATE TABLE `fichefrais` (
  `idvisiteur` char(4) NOT NULL,
  `mois` char(6) NOT NULL,
  `nbjustificatifs` int(11) DEFAULT NULL,
  `montantvalide` decimal(10,2) DEFAULT NULL,
  `datemodif` date DEFAULT NULL,
  `idetat` char(2) DEFAULT 'CR',
  PRIMARY KEY (`idvisiteur`,`mois`),
  KEY `idetat` (`idetat`),
  CONSTRAINT `fichefrais_ibfk_1` FOREIGN KEY (`idetat`) REFERENCES `etat` (`id`),
  CONSTRAINT `fichefrais_ibfk_2` FOREIGN KEY (`idvisiteur`) REFERENCES `visiteur` (`id`)
) ENGINE=InnoDB DEFAULT CHARSET=latin1;
/*!40101 SET character_set_client = @saved_cs_client */;

--
-- Dumping data for table `fichefrais`
--

LOCK TABLES `fichefrais` WRITE;
/*!40000 ALTER TABLE `fichefrais` DISABLE KEYS */;
INSERT INTO `fichefrais` VALUES ('a17','202009',0,0.00,'2020-11-05','CL'),('a17','202011',0,0.00,'2020-11-05','CR');
/*!40000 ALTER TABLE `fichefrais` ENABLE KEYS */;
UNLOCK TABLES;

--
-- Table structure for table `fraisforfait`
--

DROP TABLE IF EXISTS `fraisforfait`;
/*!40101 SET @saved_cs_client     = @@character_set_client */;
/*!40101 SET character_set_client = utf8 */;
CREATE TABLE `fraisforfait` (
  `id` char(3) NOT NULL,
  `libelle` char(20) DEFAULT NULL,
  `montant` decimal(5,2) DEFAULT NULL,
  PRIMARY KEY (`id`)
) ENGINE=InnoDB DEFAULT CHARSET=latin1;
/*!40101 SET character_set_client = @saved_cs_client */;

--
-- Dumping data for table `fraisforfait`
--

LOCK TABLES `fraisforfait` WRITE;
/*!40000 ALTER TABLE `fraisforfait` DISABLE KEYS */;
INSERT INTO `fraisforfait` VALUES ('ETP','Forfait Etape',110.00),('KM','Frais Kilométrique',0.62),('NUI','Nuitée Hôtel',80.00),('REP','Repas Restaurant',25.00);
/*!40000 ALTER TABLE `fraisforfait` ENABLE KEYS */;
UNLOCK TABLES;

--
-- Table structure for table `lignefraisforfait`
--

DROP TABLE IF EXISTS `lignefraisforfait`;
/*!40101 SET @saved_cs_client     = @@character_set_client */;
/*!40101 SET character_set_client = utf8 */;
CREATE TABLE `lignefraisforfait` (
  `idvisiteur` char(4) NOT NULL,
  `mois` char(6) NOT NULL,
  `idfraisforfait` char(3) NOT NULL,
  `quantite` int(11) DEFAULT NULL,
  PRIMARY KEY (`idvisiteur`,`mois`,`idfraisforfait`),
  KEY `idfraisforfait` (`idfraisforfait`),
  CONSTRAINT `lignefraisforfait_ibfk_1` FOREIGN KEY (`idvisiteur`, `mois`) REFERENCES `fichefrais` (`idvisiteur`, `mois`),
  CONSTRAINT `lignefraisforfait_ibfk_2` FOREIGN KEY (`idfraisforfait`) REFERENCES `fraisforfait` (`id`)
) ENGINE=InnoDB DEFAULT CHARSET=latin1;
/*!40101 SET character_set_client = @saved_cs_client */;

--
-- Dumping data for table `lignefraisforfait`
--

LOCK TABLES `lignefraisforfait` WRITE;
/*!40000 ALTER TABLE `lignefraisforfait` DISABLE KEYS */;
INSERT INTO `lignefraisforfait` VALUES ('a17','202009','ETP',0),('a17','202009','KM',0),('a17','202009','NUI',0),('a17','202009','REP',0),('a17','202011','ETP',0),('a17','202011','KM',0),('a17','202011','NUI',0),('a17','202011','REP',0);
/*!40000 ALTER TABLE `lignefraisforfait` ENABLE KEYS */;
UNLOCK TABLES;

--
-- Table structure for table `lignefraishorsforfait`
--

DROP TABLE IF EXISTS `lignefraishorsforfait`;
/*!40101 SET @saved_cs_client     = @@character_set_client */;
/*!40101 SET character_set_client = utf8 */;
CREATE TABLE `lignefraishorsforfait` (
  `id` int(11) NOT NULL AUTO_INCREMENT,
  `idvisiteur` char(4) NOT NULL,
  `mois` char(6) NOT NULL,
  `libelle` varchar(100) DEFAULT NULL,
  `date` date DEFAULT NULL,
  `montant` decimal(10,2) DEFAULT NULL,
  PRIMARY KEY (`id`),
  KEY `idvisiteur` (`idvisiteur`,`mois`),
  CONSTRAINT `lignefraishorsforfait_ibfk_1` FOREIGN KEY (`idvisiteur`, `mois`) REFERENCES `fichefrais` (`idvisiteur`, `mois`)
) ENGINE=InnoDB DEFAULT CHARSET=latin1;
/*!40101 SET character_set_client = @saved_cs_client */;

--
-- Dumping data for table `lignefraishorsforfait`
--

LOCK TABLES `lignefraishorsforfait` WRITE;
/*!40000 ALTER TABLE `lignefraishorsforfait` DISABLE KEYS */;
/*!40000 ALTER TABLE `lignefraishorsforfait` ENABLE KEYS */;
UNLOCK TABLES;

--
-- Table structure for table `visiteur`
--

DROP TABLE IF EXISTS `visiteur`;
/*!40101 SET @saved_cs_client     = @@character_set_client */;
/*!40101 SET character_set_client = utf8 */;
CREATE TABLE `visiteur` (
  `id` char(4) NOT NULL,
  `nom` char(30) DEFAULT NULL,
  `prenom` char(30) DEFAULT NULL,
  `login` char(20) DEFAULT NULL,
  `mdp` char(20) DEFAULT NULL,
  `adresse` char(30) DEFAULT NULL,
  `cp` char(5) DEFAULT NULL,
  `ville` char(30) DEFAULT NULL,
  `dateembauche` date DEFAULT NULL,
  PRIMARY KEY (`id`)
) ENGINE=InnoDB DEFAULT CHARSET=latin1;
/*!40101 SET character_set_client = @saved_cs_client */;

--
-- Dumping data for table `visiteur`
--

LOCK TABLES `visiteur` WRITE;
/*!40000 ALTER TABLE `visiteur` DISABLE KEYS */;
INSERT INTO `visiteur` VALUES ('a131','Villechalane','Louis','lvillachane','jux7g','8 rue des Charmes','46000','Cahors','2005-12-21'),('a17','Andre','David','dandre','oppg5','1 rue Petit','46200','Lalbenque','1998-11-23'),('a55','Bedos','Christian','cbedos','gmhxd','1 rue Peranud','46250','Montcuq','1995-01-12'),('a93','Tusseau','Louis','ltusseau','ktp3s','22 rue des Ternes','46123','Gramat','2000-05-01'),('b13','Bentot','Pascal','pbentot','doyw1','11 allée des Cerises','46512','Bessines','1992-07-09'),('b16','Bioret','Luc','lbioret','hrjfs','1 Avenue gambetta','46000','Cahors','1998-05-11'),('b19','Bunisset','Francis','fbunisset','4vbnd','10 rue des Perles','93100','Montreuil','1987-10-21'),('b25','Bunisset','Denise','dbunisset','s1y1r','23 rue Manin','75019','paris','2010-12-05'),('b28','Cacheux','Bernard','bcacheux','uf7r3','114 rue Blanche','75017','Paris','2009-11-12'),('b34','Cadic','Eric','ecadic','6u8dc','123 avenue de la République','75011','Paris','2008-09-23'),('b4','Charoze','Catherine','ccharoze','u817o','100 rue Petit','75019','Paris','2005-11-12'),('b50','Clepkens','Christophe','cclepkens','bw1us','12 allée des Anges','93230','Romainville','2003-08-11'),('b59','Cottin','Vincenne','vcottin','2hoh9','36 rue Des Roches','93100','Monteuil','2001-11-18'),('c14','Daburon','François','fdaburon','7oqpv','13 rue de Chanzy','94000','Créteil','2002-02-11'),('c3','De','Philippe','pde','gk9kx','13 rue Barthes','94000','Créteil','2010-12-14'),('c54','Debelle','Michel','mdebelle','od5rt','181 avenue Barbusse','93210','Rosny','2006-11-23'),('d13','Debelle','Jeanne','jdebelle','nvwqq','134 allée des Joncs','44000','Nantes','2000-05-11'),('d51','Debroise','Michel','mdebroise','sghkb','2 Bld Jourdain','44000','Nantes','2001-04-17'),('e22','Desmarquest','Nathalie','ndesmarquest','f1fob','14 Place d Arc','45000','Orléans','2005-11-12'),('e24','Desnost','Pierre','pdesnost','4k2o5','16 avenue des Cèdres','23200','Guéret','2001-02-05'),('e39','Dudouit','Frédéric','fdudouit','44im8','18 rue de l église','23120','GrandBourg','2000-08-01'),('e49','Duncombe','Claude','cduncombe','qf77j','19 rue de la tour','23100','La souteraine','1987-10-10'),('e5','Enault-Pascreau','Céline','cenault','y2qdu','25 place de la gare','23200','Gueret','1995-09-01'),('e52','Eynde','Valérie','veynde','i7sn3','3 Grand Place','13015','Marseille','1999-11-01'),('f21','Finck','Jacques','jfinck','mpb3t','10 avenue du Prado','13002','Marseille','2001-11-10'),('f39','Frémont','Fernande','ffremont','xs5tq','4 route de la mer','13012','Allauh','1998-10-01'),('f4','Gest','Alain','agest','dywvt','30 avenue de la mer','13025','Berre','1985-11-01');
/*!40000 ALTER TABLE `visiteur` ENABLE KEYS */;
UNLOCK TABLES;
/*!40103 SET TIME_ZONE=@OLD_TIME_ZONE */;

/*!40101 SET SQL_MODE=@OLD_SQL_MODE */;
/*!40014 SET FOREIGN_KEY_CHECKS=@OLD_FOREIGN_KEY_CHECKS */;
/*!40014 SET UNIQUE_CHECKS=@OLD_UNIQUE_CHECKS */;
/*!40101 SET CHARACTER_SET_CLIENT=@OLD_CHARACTER_SET_CLIENT */;
/*!40101 SET CHARACTER_SET_RESULTS=@OLD_CHARACTER_SET_RESULTS */;
/*!40101 SET COLLATION_CONNECTION=@OLD_COLLATION_CONNECTION */;
/*!40111 SET SQL_NOTES=@OLD_SQL_NOTES */;

-- Dump completed on 2020-11-09 11:35:03
